INSERT INTO T_CUSTOMER(CUSTOMER_ID, CUSTOMER_NAME, CUSTOMER_SURNAME) VALUES (100000, 'Varun', 'Kalia');
INSERT INTO T_CUSTOMER(CUSTOMER_ID, CUSTOMER_NAME, CUSTOMER_SURNAME) VALUES (100001, 'Tarun', 'Kalia');

INSERT INTO T_ACCOUNT_TYPE (ACCOUNT_TYPE_ID, ACCOUNT_TYPE) VALUES(1, 'CURRENT')
INSERT INTO T_ACCOUNT_TYPE (ACCOUNT_TYPE_ID, ACCOUNT_TYPE) VALUES(2, 'SAVINGS')

INSERT INTO T_ACCOUNT (ACCOUNT_ID, ACCOUNT_TYPE, CUSTOMER_ID, ACCOUNT_NUMBER) VALUES (100001, 1, 100000, 7584526987542563);
INSERT INTO T_ACCOUNT (ACCOUNT_ID, ACCOUNT_TYPE, CUSTOMER_ID, ACCOUNT_NUMBER) VALUES (100002, 2, 100000, 4589526987542323);
INSERT INTO T_ACCOUNT (ACCOUNT_ID, ACCOUNT_TYPE, CUSTOMER_ID, ACCOUNT_NUMBER) VALUES (100003, 2, 100001, 9874526987541211);

INSERT INTO T_TRANSACTION(TRANSACTION_ID, TRANSACTION_ACCOUNT_ID, TRANSACTION_AMMOUNT, TRANSACTION_TYPE) VALUES(1, 100001, 400000, 1)
INSERT INTO T_TRANSACTION(TRANSACTION_ID, TRANSACTION_ACCOUNT_ID, TRANSACTION_AMMOUNT, TRANSACTION_TYPE) VALUES(2, 100001, 100000, 2)
INSERT INTO T_TRANSACTION(TRANSACTION_ID, TRANSACTION_ACCOUNT_ID, TRANSACTION_AMMOUNT, TRANSACTION_TYPE) VALUES(3, 100001, 800000, 1)
INSERT INTO T_TRANSACTION(TRANSACTION_ID, TRANSACTION_ACCOUNT_ID, TRANSACTION_AMMOUNT, TRANSACTION_TYPE) VALUES(4, 100001, 300000, 2)
INSERT INTO T_TRANSACTION(TRANSACTION_ID, TRANSACTION_ACCOUNT_ID, TRANSACTION_AMMOUNT, TRANSACTION_TYPE) VALUES(5, 100002, 200000, 2)
INSERT INTO T_TRANSACTION(TRANSACTION_ID, TRANSACTION_ACCOUNT_ID, TRANSACTION_AMMOUNT, TRANSACTION_TYPE) VALUES(6, 100002, 500000, 1)
INSERT INTO T_TRANSACTION(TRANSACTION_ID, TRANSACTION_ACCOUNT_ID, TRANSACTION_AMMOUNT, TRANSACTION_TYPE) VALUES(7, 100002, 500000, 2)
INSERT INTO T_TRANSACTION(TRANSACTION_ID, TRANSACTION_ACCOUNT_ID, TRANSACTION_AMMOUNT, TRANSACTION_TYPE) VALUES(8, 100003, 700000, 1)
INSERT INTO T_TRANSACTION(TRANSACTION_ID, TRANSACTION_ACCOUNT_ID, TRANSACTION_AMMOUNT, TRANSACTION_TYPE) VALUES(9, 100003, 500000, 2)
INSERT INTO T_TRANSACTION(TRANSACTION_ID, TRANSACTION_ACCOUNT_ID, TRANSACTION_AMMOUNT, TRANSACTION_TYPE) VALUES(10, 100003, 100000, 2)